fname,itp,tp_prob,its,ts_prob
XX.YGD.2008184000000.1214967843.602.sac,[2237],[ 0.59820503],[2437],[ 0.66401803]
XX.YGD.2008184000000.1215040701.901.sac,[601],[ 0.5431675],[2517],[ 0.7029215]
XX.YGD.2008184000000.1214964857.702.sac,[760],[ 0.6863398],[2052 2381],[ 0.70767593  0.38969043]
XX.YGD.2008184000000.1214967843.603.sac,[2237],[ 0.59820503],[2437],[ 0.66401803]
XX.YGD.2008184000000.1214964857.703.sac,[760],[ 0.6863398],[2052 2381],[ 0.70767593  0.38969043]
